,event name,Classification,genre,venue,Date,Zip code,City,State
0,Maroon 5: Red Pill Blues Tour 2018,Music,Rock,Enterprise Center,2018-09-13,63103,St Louis,Missouri
1,Elton John: Farewell Yellow Brick Road,Music,Rock,Enterprise Center,2018-10-30,63103,St Louis,Missouri
2,An Evening With Fleetwood Mac,Music,Rock,Enterprise Center,2018-10-20,63103,St Louis,Missouri
3,Justin Timberlake - The Man Of The Woods Tour,Music,Rock,Enterprise Center,2018-12-13,63103,St Louis,Missouri
4,TWENTY ONE PILOTS - THE BANDITO TOUR,Music,Rock,Enterprise Center,2018-10-19,63103,St Louis,Missouri
5,SHAWN MENDES: THE TOUR,Music,Rock,Enterprise Center,2019-06-30,63103,St Louis,Missouri
6,Foo Fighters: Concrete And Gold Tour '18,Music,Rock,Enterprise Center,2018-10-13,63103,St Louis,Missouri
7,Sam Smith: The Thrill Of It All Tour,Music,Rock,Chaifetz Arena,2018-08-17,63103,St. Louis,Missouri
8,Live Nation Presents Lil Baby- Harder Than Ever Tour,Music,Hip-Hop/Rap,The Pageant,2018-08-22,63112,St Louis,Missouri
9,Taylor Swift reputation Stadium Tour,Music,Rock,The Dome at America's Center,2018-09-18,63101,St Louis,Missouri
10,Brett Eldredge: The Long Way Tour,Music,Country,Stifel Theatre,2018-10-05,63103,St. Louis,Missouri
11,Maxwell: 50 Intimate Nights Live,Music,R&B,Stifel Theatre,2018-11-15,63103,St. Louis,Missouri
12,"Earth, Wind & Fire",Music,R&B,Stifel Theatre,2018-08-24,63103,St. Louis,Missouri
13,Nick Cannon Presents: Wild 'N Out,Arts & Theatre,Comedy,Enterprise Center,2018-11-02,63103,St Louis,Missouri
14,Lauren Daigle Look Up Child Tour,Music,Religious,Stifel Theatre,2019-03-03,63103,St. Louis,Missouri
15,Christina Aguilera: The Liberation Tour,Music,Pop,Stifel Theatre,2018-11-06,63103,St. Louis,Missouri
16,KSHE 95's Paranormal Evening with Alice Cooper,Music,Rock,Stifel Theatre,2018-10-20,63103,St. Louis,Missouri
17,Bob Seger & The Silver Bullet Band,Music,Rock,Enterprise Center,2018-11-30,63103,St Louis,Missouri
18,Joe Bonamassa,Music,Blues,Stifel Theatre,2018-11-10,63103,St. Louis,Missouri
19,Iliza: Elder Millennial,Arts & Theatre,Comedy,The Pageant,2018-10-20,63112,St Louis,Missouri
20,"HANSON STRING THEORY, Live with Orchestra",Music,Rock,Stifel Theatre,2018-11-07,63103,St. Louis,Missouri
21,Sting & Shaggy - The 44/876 Tour,Music,Rock,The Pageant,2018-10-01,63112,St Louis,Missouri
22,Joe Rogan: Strange Times 2018 Tour,Arts & Theatre,Comedy,Stifel Theatre,2018-08-11,63103,St. Louis,Missouri
23,SiriusXM Pres. Goo Goo Dolls - Dizzy Up The Girl 20th Anniversary Tour,Music,Rock,The Pageant,2018-10-05,63112,St Louis,Missouri
24,Cole Swindell,Music,Country,The Ready Room,2018-08-17,63110,St. Louis,Missouri
25,The Miseducation of Lauryn Hill 20th Anniversary Tour,Music,R&B,Chaifetz Arena,2018-10-05,63103,St. Louis,Missouri
26,"Jason Mraz And Toca Rivera ""Live In Stereo""",Music,Rock,Stifel Theatre,2018-12-09,63103,St. Louis,Missouri
27,Stone Sour,Music,Metal,The Pageant,2018-09-22,63112,St Louis,Missouri
28,Tyler Childers,Music,Folk,The Pageant,2018-11-14,63112,St Louis,Missouri
29,KIDZ BOP LIVE 2018,Arts & Theatre,Children's Theatre,Stifel Theatre,2018-10-21,63103,St. Louis,Missouri
30,Lord Huron,Music,Rock,The Pageant,2018-09-21,63112,St Louis,Missouri
31,Iron and Wine,Music,Rock,The Pageant,2018-10-03,63112,St Louis,Missouri
32,Bullet For My Valentine plus special guests,Music,Rock,The Pageant,2018-09-18,63112,St Louis,Missouri
33,Game of Thrones Live Concert Experience,Music,Other,Enterprise Center,2018-10-05,63103,St Louis,Missouri
34,Alkaline Trio,Music,Rock,The Pageant,2018-08-06,63112,St Louis,Missouri
35,Disney On Ice presents Dare To Dream,Miscellaneous,Ice Shows,Chaifetz Arena,2018-09-22,63103,St. Louis,Missouri
36,Ed Sheeran: 2018 North American Stadium Tour,Music,Pop,Busch Stadium,2018-09-06,63102,St Louis,Missouri
37,Vince Gill,Music,Country,Stifel Theatre,2018-11-16,63103,St. Louis,Missouri
38,"Impractical Jokers ""The Cranjis McBasketball World Comedy Tour""",Arts & Theatre,Comedy,Enterprise Center,2018-11-20,63103,St Louis,Missouri
39,Halludoween 2018: Night Of The Living Ludo,Music,Rock,The Pageant,2018-10-27,63112,St Louis,Missouri
40,Disney On Ice presents Dare To Dream,Miscellaneous,Ice Shows,Chaifetz Arena,2018-09-22,63103,St. Louis,Missouri
41,Disney On Ice presents Dare To Dream,Miscellaneous,Ice Shows,Chaifetz Arena,2018-09-23,63103,St. Louis,Missouri
42,Halludoween 2018: Night Of The Living Ludo,Music,Rock,The Pageant,2018-10-27,63112,St Louis,Missouri
43,Darci Lynne and Friends Live,Miscellaneous,Family,Stifel Theatre,2019-01-27,63103,St. Louis,Missouri
44,Disney On Ice presents Dare To Dream,Miscellaneous,Ice Shows,Chaifetz Arena,2018-09-21,63103,St. Louis,Missouri
45,Carol Burnett An Evening of Laughter and Reflection,Arts & Theatre,Comedy,Stifel Theatre,2018-11-08,63103,St. Louis,Missouri
46,Jason Isbell & the 400 Unit,Music,Rock,Stifel Theatre,2018-09-10,63103,St. Louis,Missouri
47,Tower of Power,Music,R&B,River City Casino and Hotel,2018-08-11,63125,St Louis,Missouri
48,Disney On Ice presents Dare To Dream,Miscellaneous,Ice Shows,Chaifetz Arena,2018-09-23,63103,St. Louis,Missouri
49,The Struts,Music,Rock,The Pageant,2018-10-23,63112,St Louis,Missouri
50,Gateway Dirt Nationals Series,Sports,Motorsports/Racing,The Dome at America's Center,2018-11-30,63101,St Louis,Missouri
51,Blues Traveler,Music,Rock,The Pageant,2018-11-02,63112,St Louis,Missouri
52,True Champions Classic Tennis,Sports,Tennis,Chaifetz Arena,2018-10-04,63103,St. Louis,Missouri
53,Mystery Science Theater 3000 Live! Featuring The Brain,Film,Miscellaneous,Stifel Theatre,2018-10-30,63103,St. Louis,Missouri
54,Clint Black,Music,Country,River City Casino and Hotel,2018-10-05,63125,St Louis,Missouri
55,NPR's Ask Me Another,Arts & Theatre,Comedy,The Pageant,2018-09-06,63112,St Louis,Missouri
56,Kevin Smith,Arts & Theatre,Comedy,The Pageant,2018-10-14,63112,St Louis,Missouri
57,Dr. Seuss' How the Grinch Stole Christmas! The Musical (Touring),Arts & Theatre,Theatre,Stifel Theatre,2018-12-15,63103,St. Louis,Missouri
58,Joan Baez Fare Thee Well... Tour 2019,Music,Rock,The Pageant,2019-04-22,63112,St Louis,Missouri
59,Monster Energy Outbreak Tour Presents: Lil Xan -Total Xanarchy,Music,Hip-Hop/Rap,The Pageant,2018-10-10,63112,St Louis,Missouri
60,"RBRM: Ronnie, Bobby, Ricky & Mike",Music,R&B,Chaifetz Arena,2018-09-16,63103,St. Louis,Missouri
61,Disney On Ice presents Dare To Dream,Miscellaneous,Ice Shows,Chaifetz Arena,2018-09-22,63103,St. Louis,Missouri
62,Trampled By Turtles,Music,Country,The Pageant,2018-10-11,63112,St Louis,Missouri
63,Panic! At the Disco: Pray for the Wicked Tour with Two Feet,Music,Rock,Enterprise Center,2019-02-05,63103,St Louis,Missouri
64,DEREK HOUGH: LIVE! THE TOUR,Arts & Theatre,Dance,Stifel Theatre,2019-05-10,63103,St. Louis,Missouri
65,A.R.C. Angels Foundation Present: Little Feat,Music,Other,The Pageant,2018-08-11,63112,St Louis,Missouri
66,SHAMROCK FC 309,Sports,Martial Arts,River City Casino and Hotel,2018-09-07,63125,St Louis,Missouri
67,Dr. Seuss' How the Grinch Stole Christmas! The Musical (Touring),Arts & Theatre,Theatre,Stifel Theatre,2018-12-16,63103,St. Louis,Missouri
68,Dr. Seuss' How the Grinch Stole Christmas! The Musical (Touring),Arts & Theatre,Theatre,Stifel Theatre,2018-12-15,63103,St. Louis,Missouri
69,Gallagher,Arts & Theatre,Comedy,River City Casino and Hotel,2018-10-12,63125,St Louis,Missouri
70,SHAMROCK FC 311,Sports,Martial Arts,River City Casino and Hotel,2018-11-02,63125,St Louis,Missouri
71,SiriusXM Outlaw Country Presents: Turnpike Troubadours,Music,Country,The Pageant,2018-11-17,63112,St Louis,Missouri
72,An Evening with Lyle Lovett and His Large Band,Music,Country,Stifel Theatre,2018-09-01,63103,St. Louis,Missouri
73,THRICE,Music,Rock,The Pageant,2018-10-13,63112,St Louis,Missouri
74,Walk Off the Earth,Music,Rock,The Pageant,2018-11-10,63112,St Louis,Missouri
75,Elvis Costello & the Imposters,Music,Rock,Stifel Theatre,2018-11-21,63103,St. Louis,Missouri
76,SUPERTRAMP'S ROGER HODGSON,Music,Rock,River City Casino and Hotel,2018-11-13,63125,St Louis,Missouri
77,SUPERTRAMP'S ROGER HODGSON,Music,Rock,River City Casino and Hotel,2018-11-12,63125,St Louis,Missouri
78,Dark Star Orchestra,Music,Rock,The Pageant,2018-10-04,63112,St Louis,Missouri
79,The Psychedelic Furs,Music,Rock,The Pageant,2018-08-10,63112,St Louis,Missouri
80,Mock Orange,Music,Rock,Duck Room at Blueberry Hill,2018-08-24,63130,St Louis,Missouri
81,Live Nation Presents Journey & Def Leppard,Music,Rock,Busch Stadium,2018-08-24,63102,St Louis,Missouri
82,Caamp,Music,Rock,Duck Room at Blueberry Hill,2018-12-08,63130,St Louis,Missouri
83,Chief Keef,Music,Hip-Hop/Rap,The Pageant,2018-10-26,63112,St Louis,Missouri
84,The Charlie Daniels Band,Music,Country,River City Casino and Hotel,2018-11-04,63125,St Louis,Missouri
85,Dr. Seuss' How the Grinch Stole Christmas! The Musical (Touring),Arts & Theatre,Theatre,Stifel Theatre,2018-12-14,63103,St. Louis,Missouri
86,RuPaul's Drag Race: Werq The World,Arts & Theatre,Fashion,The Pageant,2018-09-14,63112,St Louis,Missouri
87,Ben Rector - Magic: The Tour,Music,Rock,The Pageant,2018-11-09,63112,St Louis,Missouri
88,Blue October,Music,Rock,The Pageant,2018-10-12,63112,St Louis,Missouri
89,Wild Kratts Live 2.0 - Activate Creature Power!,Arts & Theatre,Children's Theatre,Stifel Theatre,2018-11-18,63103,St. Louis,Missouri
90,"Rainbow Kitten Surprise - The Friend, Love, Freefall Tour",Music,Rock,The Pageant,2018-10-19,63112,St Louis,Missouri
91,Manchester Orchestra,Music,Rock,The Pageant,2018-08-07,63112,St Louis,Missouri
92,Dr. Seuss' How the Grinch Stole Christmas! The Musical (Touring),Arts & Theatre,Theatre,Stifel Theatre,2018-12-13,63103,St. Louis,Missouri
93,Prophets of Rage,Music,Rock,The Pageant,2018-08-13,63112,St Louis,Missouri
94,Shakey Graves,Music,Rock,The Pageant,2018-09-30,63112,St Louis,Missouri
95,Lord of the Dance - Dangerous Games,Arts & Theatre,Dance,Stifel Theatre,2018-11-04,63103,St. Louis,Missouri
96,The Record Company,Music,Rock,The Pageant,2018-09-20,63112,St Louis,Missouri
97,Chromeo,Music,Rock,The Pageant,2018-09-19,63112,St Louis,Missouri
98,Monica,Music,R&B,The Pageant,2018-08-18,63112,St Louis,Missouri
99,Koo Koo Kangaroo,Music,Pop,Duck Room at Blueberry Hill,2018-11-29,63130,St Louis,Missouri
100,Henry Rollins Travel Slideshow,Music,Other,The Pageant,2018-10-02,63112,St Louis,Missouri
101,Little River Band,Music,Rock,River City Casino and Hotel,2018-10-06,63125,St Louis,Missouri
102,Dr. Seuss' How the Grinch Stole Christmas! The Musical (Touring),Arts & Theatre,Theatre,Stifel Theatre,2018-12-15,63103,St. Louis,Missouri
103,Dr. Seuss' How the Grinch Stole Christmas! The Musical (Touring),Arts & Theatre,Theatre,Stifel Theatre,2018-12-16,63103,St. Louis,Missouri
104,Swingin Utters,Music,Rock,Duck Room at Blueberry Hill,2018-10-02,63130,St Louis,Missouri
105,Joe Pera,Arts & Theatre,Comedy,Duck Room at Blueberry Hill,2018-08-08,63130,St Louis,Missouri
106,Daughtry,Music,Rock,River City Casino and Hotel,2018-12-05,63125,St Louis,Missouri
107,Gateway Dirt Nationals Prelim Night,Sports,Motorsports/Racing,The Dome at America's Center,2018-11-29,63101,St Louis,Missouri
108,Big Gigantic,Music,Dance/Electronic,The Pageant,2018-11-01,63112,St Louis,Missouri
109,Parkway Drive - REVERENCE North American Tour 2018,Music,Metal,The Pageant,2018-09-04,63112,St Louis,Missouri
110,Lydia,Music,Rock,Duck Room at Blueberry Hill,2018-08-18,63130,St Louis,Missouri
111,Novella Presents Dino Merlin,Music,Other,The Pageant,2018-09-29,63112,St Louis,Missouri
112,We Banjo 3,Music,Country,Duck Room at Blueberry Hill,2018-08-30,63130,St Louis,Missouri
113,Slothrust,Music,Rock,Duck Room at Blueberry Hill,2018-10-19,63130,St Louis,Missouri
114,Hippo Campus,Music,Rock,The Pageant,2018-10-09,63112,St Louis,Missouri
115,Hairball Stl 2018,Miscellaneous,Community/Civic,The Pageant,2018-09-16,63112,St Louis,Missouri
116,PSDI Celebrates The Concert For Bangladesh,Music,Other,The Pageant,2018-08-25,63112,St Louis,Missouri
117,IDLES,Music,Rock,Duck Room at Blueberry Hill,2018-09-29,63130,St Louis,Missouri
118,Roky Erickson,Music,Rock,Duck Room at Blueberry Hill,2018-11-10,63130,St Louis,Missouri
119,Natalie Prass,Music,Folk,Duck Room at Blueberry Hill,2018-08-17,63130,St Louis,Missouri
120,Blitzen Trapper,Music,Country,Duck Room at Blueberry Hill,2018-10-10,63130,St Louis,Missouri
121,Miniature Tigers,Music,Rock,Duck Room at Blueberry Hill,2018-09-21,63130,St Louis,Missouri
122,Black Joe Lewis & the Honeybears,Music,Rock,Duck Room at Blueberry Hill,2018-08-19,63130,St Louis,Missouri
123,2018 PGA Championship VIP Packages,Sports,Golf,Bellerive Country Club,2018-08-06,63141,St Louis,Missouri
124,The Coronas,Music,Rock,Duck Room at Blueberry Hill,2018-10-14,63130,St Louis,Missouri
125,Tall Heights,Music,Rock,Duck Room at Blueberry Hill,2018-10-23,63130,St Louis,Missouri
126,River Whyless,Music,Rock,Duck Room at Blueberry Hill,2018-08-22,63130,St Louis,Missouri
127,Rozwell Kid,Music,Rock,Duck Room at Blueberry Hill,2018-11-13,63130,St Louis,Missouri
128,Melodime,Music,Rock,Duck Room at Blueberry Hill,2018-10-26,63130,St Louis,Missouri
129,Q In The Lou VIP Pass,Miscellaneous,Fairs & Festivals,Kiener Plaza,2018-09-22,63101,St Louis,Missouri
130,Black Lips,Music,Rock,Duck Room at Blueberry Hill,2018-10-31,63130,St Louis,Missouri
131,Sleeping with Sirens,Music,Rock,The Ready Room,2018-08-07,63110,St. Louis,Missouri
132,Sunflower Bean,Music,Rock,Duck Room at Blueberry Hill,2018-09-23,63130,St Louis,Missouri
133,Jake Owen: Life's Whatcha Make It Tour,Music,Country,Chaifetz Arena,2018-10-19,63103,St. Louis,Missouri
134,The Appleseed Cast,Music,Rock,Duck Room at Blueberry Hill,2018-10-21,63130,St Louis,Missouri
135,Strung Out,Music,Rock,Duck Room at Blueberry Hill,2018-08-23,63130,St Louis,Missouri
136,The Nude Party,Music,Rock,Duck Room at Blueberry Hill,2018-10-04,63130,St Louis,Missouri
137,Stevie Ray Vaughan Tribute,Music,Blues,The Pageant,2018-11-24,63112,St Louis,Missouri
138,Labor Day Comedy Jam,Arts & Theatre,Comedy,The Pageant,2018-09-02,63112,St Louis,Missouri
139,Pile,Music,Rock,Duck Room at Blueberry Hill,2018-10-07,63130,St Louis,Missouri
140,Q In The Lou VIP Pass,Miscellaneous,Fairs & Festivals,Kiener Plaza,2018-09-23,63101,St Louis,Missouri
141,Luke Bryan: What Makes You Country Tour 2018,Music,Country,Busch Stadium,2018-08-25,63102,St Louis,Missouri
142,O.A.R. - Just Like Paradise Tour,Music,Rock,The Pageant,2018-11-16,63112,St Louis,Missouri
143,Q In The Lou VIP Pass,Miscellaneous,Fairs & Festivals,Kiener Plaza,2018-09-21,63101,St Louis,Missouri
144,St. Louis Actors' Studio - The Little Foxes,Arts & Theatre,Theatre,The Gaslight Theater,2018-09-28,63108,St Louis,Missouri
145,Minus the Bear,Music,Dance/Electronic,The Ready Room,2018-10-12,63110,St. Louis,Missouri
146,SAN HOLO - ALBUM 1 TOUR,Music,Dance/Electronic,The Pageant,2018-12-07,63112,St Louis,Missouri
147,St. Louis Actors' Studio - Tribes,Arts & Theatre,Theatre,The Gaslight Theater,2018-11-30,63108,St Louis,Missouri
148,St. Louis Actors' Studio - True West,Arts & Theatre,Theatre,The Gaslight Theater,2019-04-12,63108,St Louis,Missouri
149,St. Louis Actors' Studio - 7th Annual LaBute New Theater Festival,Arts & Theatre,Theatre,The Gaslight Theater,2019-07-05,63108,St Louis,Missouri
150,St. Louis Actors' Studio - Farragut North,Arts & Theatre,Theatre,The Gaslight Theater,2019-02-08,63108,St Louis,Missouri
151,St. Louis Actors' Studio - True West,Arts & Theatre,Theatre,The Gaslight Theater,2019-04-19,63108,St Louis,Missouri
152,St. Louis Actors' Studio - 7th Annual LaBute New Theater Festival,Arts & Theatre,Theatre,The Gaslight Theater,2019-07-11,63108,St Louis,Missouri
153,St. Louis Actors' Studio - 7th Annual LaBute New Theater Festival,Arts & Theatre,Theatre,The Gaslight Theater,2019-07-26,63108,St Louis,Missouri
154,St. Louis Actors' Studio - Farragut North,Arts & Theatre,Theatre,The Gaslight Theater,2019-02-15,63108,St Louis,Missouri
155,St. Louis Actors' Studio - 7th Annual LaBute New Theater Festival,Arts & Theatre,Theatre,The Gaslight Theater,2019-07-07,63108,St Louis,Missouri
156,St. Louis Actors' Studio - 7th Annual LaBute New Theater Festival,Arts & Theatre,Theatre,The Gaslight Theater,2019-07-19,63108,St Louis,Missouri
157,St. Louis Actors' Studio - 7th Annual LaBute New Theater Festival,Arts & Theatre,Theatre,The Gaslight Theater,2019-07-21,63108,St Louis,Missouri
158,St. Louis Actors' Studio - The Little Foxes,Arts & Theatre,Theatre,The Gaslight Theater,2018-10-05,63108,St Louis,Missouri
159,Super Whatevr,Music,Pop,Duck Room at Blueberry Hill,2018-09-08,63130,St Louis,Missouri
160,St. Louis Actors' Studio - 7th Annual LaBute New Theater Festival,Arts & Theatre,Theatre,The Gaslight Theater,2019-07-25,63108,St Louis,Missouri
161,Kinky Friedman,Music,Other,Off Broadway,2018-08-09,63118,St. Louis,Missouri
162,Susto,Music,Country,Off Broadway,2018-08-08,63118,St. Louis,Missouri
163,Ian Fisher,Arts & Theatre,Miscellaneous,Off Broadway,2018-08-11,63118,St. Louis,Missouri
164,Hudson Moore,Music,Rock,Tin Roof - St Louis,2018-08-17,63102,St. Louis,Missouri
165,Maggie Rose,Music,Country,Off Broadway,2018-08-17,63118,St. Louis,Missouri
166,Bronco - Bryndis - Liberacion,Music,World,El Volcan Discoteque,2018-08-19,63110,St Louis,Missouri
167,Mastering Mixology: Patron Tasting and Training Class,Miscellaneous,Food & Drink,Tin Roof - St Louis,2018-08-21,63102,St. Louis,Missouri
168,Chuck Prophet,Music,Other,Off Broadway,2018-08-21,63118,St. Louis,Missouri
169,Cults,Music,Other,The Ready Room,2018-08-22,63110,St. Louis,Missouri
170,Yuno,Music,Other,The Ready Room,2018-08-23,63110,St. Louis,Missouri
171,Wolf Parade,Music,Alternative,Off Broadway,2018-08-25,63118,St. Louis,Missouri
172,DK the Drummer,Music,Other,The Ready Room,2018-08-26,63110,St. Louis,Missouri
173,Kid Congo & The pink monkey birds,Music,Other,Off Broadway,2018-08-28,63118,St. Louis,Missouri
174,Sawyer Fredericks,Music,Country,Off Broadway,2018-08-29,63118,St. Louis,Missouri
175,Dave Alvin,Music,Country,Off Broadway,2018-08-31,63118,St. Louis,Missouri
176,Clownvis,Arts & Theatre,Comedy,Duck Room at Blueberry Hill,2018-09-07,63130,St Louis,Missouri
177,Flatland Cavalry,Music,Other,Off Broadway,2018-09-08,63118,St. Louis,Missouri
178,Shinyribs,Music,Country,Off Broadway,2018-09-09,63118,St. Louis,Missouri
179,Dead Sara,Music,Other,The Ready Room,2018-09-11,63110,St. Louis,Missouri
180,Ryley Walker,Music,Other,Off Broadway,2018-09-11,63118,St. Louis,Missouri
181,Joshua Hedley,Music,Other,Off Broadway,2018-09-12,63118,St. Louis,Missouri
182,Gary Numan,Music,Dance/Electronic,The Ready Room,2018-09-13,63110,St. Louis,Missouri
183,Karma Dealer Cd Release,Music,Rock,Duck Room at Blueberry Hill,2018-09-15,63130,St Louis,Missouri
184,Emo Night Brooklyn,Music,Dance/Electronic,The Ready Room,2018-09-22,63110,St. Louis,Missouri
185,Q In The Lou VIP Pass,Miscellaneous,Fairs & Festivals,Kiener Plaza,2018-09-22,63101,St Louis,Missouri
186,Q In The Lou VIP Pass,Miscellaneous,Fairs & Festivals,Kiener Plaza,2018-09-22,63101,St Louis,Missouri
187,Never Shout Never,Music,Pop,Off Broadway,2018-09-23,63118,St. Louis,Missouri
188,Q In The Lou VIP Pass,Miscellaneous,Fairs & Festivals,Kiener Plaza,2018-09-23,63101,St Louis,Missouri
189,Courtney Marie Andrews,Music,Other,Off Broadway,2018-09-24,63118,St. Louis,Missouri
190,MC50,Music,Other,The Ready Room,2018-09-26,63110,St. Louis,Missouri
191,Start Making Sense,Music,Rock,The Ready Room,2018-09-28,63110,St. Louis,Missouri
192,Matthew Perryman Jones,Music,Other,Off Broadway,2018-09-29,63118,St. Louis,Missouri
193,St. Louis Actors' Studio - The Little Foxes,Arts & Theatre,Theatre,The Gaslight Theater,2018-09-29,63108,St Louis,Missouri
194,Screaming Females,Music,Rock,Off Broadway,2018-09-30,63118,St. Louis,Missouri
195,Shane Smith and the Saints,Music,Other,Off Broadway,2018-10-06,63118,St. Louis,Missouri
196,St. Louis Actors' Studio - The Little Foxes,Arts & Theatre,Theatre,The Gaslight Theater,2018-10-06,63108,St Louis,Missouri
197,St. Louis Actors' Studio - The Little Foxes,Arts & Theatre,Theatre,The Gaslight Theater,2018-10-07,63108,St Louis,Missouri
198,Roam,Music,Rock,Fubar,2018-10-09,63101,St. Louis,Missouri
199,St. Louis Actors' Studio - The Little Foxes,Arts & Theatre,Theatre,The Gaslight Theater,2018-10-11,63108,St Louis,Missouri
200,St. Louis Actors' Studio - The Little Foxes,Arts & Theatre,Theatre,The Gaslight Theater,2018-10-12,63108,St Louis,Missouri
201,St. Louis Actors' Studio - The Little Foxes,Arts & Theatre,Theatre,The Gaslight Theater,2018-10-13,63108,St Louis,Missouri
202,St. Louis Actors' Studio - The Little Foxes,Arts & Theatre,Theatre,The Gaslight Theater,2018-10-14,63108,St Louis,Missouri
203,Thunderp***y,Music,Other,The Ready Room,2018-10-17,63110,St. Louis,Missouri
204,Astronoid,Music,Rock,Duck Room at Blueberry Hill,2018-10-17,63130,St Louis,Missouri
205,A Place To Bury Strangers,Music,Other,Off Broadway,2018-10-18,63118,St. Louis,Missouri
206,Eden w/ Kacy Hill,Music,Dance/Electronic,The Ready Room,2018-10-19,63110,St. Louis,Missouri
207,Max Frost,Music,R&B,Off Broadway,2018-10-20,63118,St. Louis,Missouri
208,Jackopierce,Music,Alternative,Off Broadway,2018-10-26,63118,St. Louis,Missouri
209,Jackopierce,Music,Alternative,Off Broadway,2018-10-27,63118,St. Louis,Missouri
210,Masego,Music,Other,The Ready Room,2018-10-29,63110,St. Louis,Missouri
211,Bob Log III,Music,Other,Off Broadway,2018-10-30,63118,St. Louis,Missouri
212,Of Montreal,Music,Alternative,The Ready Room,2018-11-15,63110,St. Louis,Missouri
213,Lucero w/ Strand of Oaks,Music,World,Off Broadway,2018-11-17,63118,St. Louis,Missouri
214,Lucero w/ Strand of Oaks,Music,World,Off Broadway,2018-11-18,63118,St. Louis,Missouri
215,Why?,Music,Other,The Ready Room,2018-11-21,63110,St. Louis,Missouri
216,All Them Witches,Music,Country,Duck Room at Blueberry Hill,2018-11-24,63130,St Louis,Missouri
217,The Buttertones,Music,Other,Off Broadway,2018-11-25,63118,St. Louis,Missouri
218,St. Louis Actors' Studio - Tribes,Arts & Theatre,Theatre,The Gaslight Theater,2018-12-08,63108,St Louis,Missouri
219,St. Louis Actors' Studio - Tribes,Arts & Theatre,Theatre,The Gaslight Theater,2018-12-09,63108,St Louis,Missouri
220,St. Louis Actors' Studio - Tribes,Arts & Theatre,Theatre,The Gaslight Theater,2018-12-13,63108,St Louis,Missouri
221,St. Louis Actors' Studio - Tribes,Arts & Theatre,Theatre,The Gaslight Theater,2018-12-14,63108,St Louis,Missouri
222,Rumours STL,Music,Other,The Ready Room,2018-12-15,63110,St. Louis,Missouri
223,St. Louis Actors' Studio - Tribes,Arts & Theatre,Theatre,The Gaslight Theater,2018-12-15,63108,St Louis,Missouri
224,St. Louis Actors' Studio - Tribes,Arts & Theatre,Theatre,The Gaslight Theater,2018-12-16,63108,St Louis,Missouri
225,2018-19 Broadway Series,Arts & Theatre,Theatre,Stifel Theatre,2018-12-16,63103,St. Louis,Missouri
226,Legally Blonde - The Musical,Arts & Theatre,Theatre,Stifel Theatre,2019-02-04,63103,St. Louis,Missouri
227,St. Louis Actors' Studio - Farragut North,Arts & Theatre,Theatre,The Gaslight Theater,2019-02-09,63108,St Louis,Missouri
228,St. Louis Actors' Studio - Farragut North,Arts & Theatre,Theatre,The Gaslight Theater,2019-02-10,63108,St Louis,Missouri
229,St. Louis Actors' Studio - Farragut North,Arts & Theatre,Theatre,The Gaslight Theater,2019-02-17,63108,St Louis,Missouri
230,St. Louis Actors' Studio - Farragut North,Arts & Theatre,Theatre,The Gaslight Theater,2019-02-21,63108,St Louis,Missouri
231,St. Louis Actors' Studio - Farragut North,Arts & Theatre,Theatre,The Gaslight Theater,2019-02-22,63108,St Louis,Missouri
232,St. Louis Actors' Studio - Farragut North,Arts & Theatre,Theatre,The Gaslight Theater,2019-02-23,63108,St Louis,Missouri
233,St. Louis Actors' Studio - Farragut North,Arts & Theatre,Theatre,The Gaslight Theater,2019-02-24,63108,St Louis,Missouri
234,St. Louis Actors' Studio - True West,Arts & Theatre,Theatre,The Gaslight Theater,2019-04-20,63108,St Louis,Missouri
235,St. Louis Actors' Studio - True West,Arts & Theatre,Theatre,The Gaslight Theater,2019-04-21,63108,St Louis,Missouri
236,St. Louis Actors' Studio - True West,Arts & Theatre,Theatre,The Gaslight Theater,2019-04-25,63108,St Louis,Missouri
237,St. Louis Actors' Studio - True West,Arts & Theatre,Theatre,The Gaslight Theater,2019-04-26,63108,St Louis,Missouri
238,St. Louis Actors' Studio - True West,Arts & Theatre,Theatre,The Gaslight Theater,2019-04-27,63108,St Louis,Missouri
239,St. Louis Actors' Studio - True West,Arts & Theatre,Theatre,The Gaslight Theater,2019-04-28,63108,St Louis,Missouri
240,St. Louis Actors' Studio - 7th Annual LaBute New Theater Festival,Arts & Theatre,Theatre,The Gaslight Theater,2019-07-06,63108,St Louis,Missouri
241,St. Louis Actors' Studio - 7th Annual LaBute New Theater Festival,Arts & Theatre,Theatre,The Gaslight Theater,2019-07-13,63108,St Louis,Missouri
242,St. Louis Actors' Studio - 7th Annual LaBute New Theater Festival,Arts & Theatre,Theatre,The Gaslight Theater,2019-07-14,63108,St Louis,Missouri
243,St. Louis Actors' Studio - 7th Annual LaBute New Theater Festival,Arts & Theatre,Theatre,The Gaslight Theater,2019-07-27,63108,St Louis,Missouri
244,St. Louis Actors' Studio - 7th Annual LaBute New Theater Festival,Arts & Theatre,Theatre,The Gaslight Theater,2019-07-28,63108,St Louis,Missouri
245,St. Louis Actors' Studio - The Little Foxes,Arts & Theatre,Theatre,The Gaslight Theater,2018-10-04,63108,St Louis,Missouri
246,St. Louis Actors' Studio - Tribes,Arts & Theatre,Theatre,The Gaslight Theater,2018-12-01,63108,St Louis,Missouri
247,St. Louis Actors' Studio - Tribes,Arts & Theatre,Theatre,The Gaslight Theater,2018-12-06,63108,St Louis,Missouri
248,St. Louis Actors' Studio - 7th Annual LaBute New Theater Festival,Arts & Theatre,Theatre,The Gaslight Theater,2019-07-12,63108,St Louis,Missouri
249,St. Louis Actors' Studio - Tribes,Arts & Theatre,Theatre,The Gaslight Theater,2018-12-07,63108,St Louis,Missouri
250,St. Louis Actors' Studio - True West,Arts & Theatre,Theatre,The Gaslight Theater,2019-04-14,63108,St Louis,Missouri
251,St. Louis Actors' Studio - True West,Arts & Theatre,Theatre,The Gaslight Theater,2019-04-18,63108,St Louis,Missouri
252,St. Louis Actors' Studio - The Little Foxes,Arts & Theatre,Theatre,The Gaslight Theater,2018-09-30,63108,St Louis,Missouri
253,St. Louis Actors' Studio - Farragut North,Arts & Theatre,Theatre,The Gaslight Theater,2019-02-14,63108,St Louis,Missouri
254,St. Louis Actors' Studio - 7th Annual LaBute New Theater Festival,Arts & Theatre,Theatre,The Gaslight Theater,2019-07-20,63108,St Louis,Missouri
255,St. Louis Actors' Studio - Tribes,Arts & Theatre,Theatre,The Gaslight Theater,2018-12-02,63108,St Louis,Missouri
256,St. Louis Actors' Studio - Farragut North,Arts & Theatre,Theatre,The Gaslight Theater,2019-02-16,63108,St Louis,Missouri
257,St. Louis Actors' Studio - True West,Arts & Theatre,Theatre,The Gaslight Theater,2019-04-13,63108,St Louis,Missouri
258,Hoodie Allen,Music,Hip-Hop/Rap,Duck Room at Blueberry Hill,2018-10-20,63130,St Louis,Missouri
259,LouFest,Music,Undefined,Festival Plaza on the Upper Muny Grounds - Forest Park,2018-09-08,63110,St. Louis,Missouri
260,Dr. Jordan Peterson: 12 Rules For Life Tour - An Antidote To Chaos,Miscellaneous,Undefined,Stifel Theatre,2018-10-03,63103,St. Louis,Missouri
261,Eilen Jewell,Undefined,Undefined,Off Broadway,2018-08-24,63118,St. Louis,Missouri
262,The Musial Awards presented by Maryville University,Miscellaneous,Undefined,Stifel Theatre,2018-11-17,63103,St. Louis,Missouri
263,Aha Women's Speaker Series,Miscellaneous,Undefined,Stifel Theatre,2018-10-04,63103,St. Louis,Missouri
